provider_id,name,specialty,organization_id
PR0001,Dr. E27318,Endocrinology,O007
PR0002,Dr. 1e222f,Neurology,O010
PR0003,Dr. 416745,Cardiology,O010
PR0004,Dr. 0269bc,Pulmonology,O004
PR0005,Dr. 2a08e7,Endocrinology,O009
PR0006,Dr. D2e9f0,Neurology,O006
PR0007,Dr. E84a9a,Endocrinology,O008
PR0008,Dr. F115a4,Endocrinology,O001
PR0009,Dr. 77b6c7,Oncology,O005
PR0010,Dr. 14cee3,Pulmonology,O001
PR0011,Dr. 289958,Pulmonology,O003
PR0012,Dr. 3ed001,Neurology,O001
PR0013,Dr. 11b3e0,Neurology,O004
PR0014,Dr. Bc2438,Cardiology,O006
PR0015,Dr. Ac2cb6,Oncology,O005
PR0016,Dr. D003d0,Pulmonology,O009
PR0017,Dr. 3a6a67,Pulmonology,O010
PR0018,Dr. D2170d,Pulmonology,O003
PR0019,Dr. 6194b2,Oncology,O001
PR0020,Dr. 113235,Endocrinology,O006
PR0021,Dr. 4cce0c,Cardiology,O003
PR0022,Dr. B541fb,Neurology,O006
PR0023,Dr. E97bc8,Pulmonology,O004
PR0024,Dr. 379f17,Cardiology,O005
PR0025,Dr. 37bf8f,Neurology,O002
PR0026,Dr. D1a867,Pulmonology,O007
PR0027,Dr. E59232,Pulmonology,O004
PR0028,Dr. 642609,Oncology,O006
PR0029,Dr. Aaed0b,Endocrinology,O003
PR0030,Dr. 290378,Endocrinology,O010
PR0031,Dr. 73a72d,Oncology,O010
PR0032,Dr. E1cbbf,Neurology,O001
PR0033,Dr. 43ba78,Pulmonology,O007
PR0034,Dr. 443987,Oncology,O001
PR0035,Dr. Ced869,Neurology,O006
PR0036,Dr. Efc322,Endocrinology,O007
PR0037,Dr. Cef203,Oncology,O004
PR0038,Dr. 5dfa84,Pulmonology,O001
PR0039,Dr. E34118,Endocrinology,O001
PR0040,Dr. C5329e,Neurology,O009
PR0041,Dr. 3bd916,Oncology,O006
PR0042,Dr. 288172,Pulmonology,O010
PR0043,Dr. 18133d,Cardiology,O006
PR0044,Dr. 8f70e2,Pulmonology,O004
PR0045,Dr. 58e7e5,Cardiology,O001
PR0046,Dr. 91cf68,Endocrinology,O008
PR0047,Dr. 467548,Pulmonology,O010
PR0048,Dr. F505a2,Pulmonology,O002
PR0049,Dr. 029d11,Cardiology,O007
PR0050,Dr. 971ca8,Neurology,O007
PR0051,Dr. F2445e,Cardiology,O003
PR0052,Dr. A8a876,Neurology,O002
PR0053,Dr. E815a6,Endocrinology,O010
PR0054,Dr. 465b0d,Oncology,O009
PR0055,Dr. 7c29f9,Endocrinology,O005
PR0056,Dr. 219ec1,Oncology,O007
PR0057,Dr. 28c04c,Pulmonology,O007
PR0058,Dr. C4a204,Cardiology,O003
PR0059,Dr. 2a8515,Endocrinology,O009
PR0060,Dr. Ee64e0,Cardiology,O008
PR0061,Dr. C2c7fd,Endocrinology,O010
PR0062,Dr. E5be77,Cardiology,O009
PR0063,Dr. D1c813,Pulmonology,O009
PR0064,Dr. Ab7f66,Cardiology,O004
PR0065,Dr. 824277,Oncology,O005
PR0066,Dr. 60985d,Endocrinology,O006
PR0067,Dr. C77958,Pulmonology,O002
PR0068,Dr. A82d71,Oncology,O007
PR0069,Dr. 880e54,Endocrinology,O006
PR0070,Dr. 520259,Neurology,O004
PR0071,Dr. 908cad,Neurology,O006
PR0072,Dr. 8a59de,Pulmonology,O001
PR0073,Dr. 5ef507,Neurology,O003
PR0074,Dr. Ae28e7,Neurology,O010
PR0075,Dr. Ef3143,Endocrinology,O010
PR0076,Dr. 20c664,Cardiology,O008
PR0077,Dr. Da3701,Oncology,O004
PR0078,Dr. A48e0f,Cardiology,O006
PR0079,Dr. A0a9cb,Cardiology,O002
PR0080,Dr. 6edbb4,Oncology,O001
PR0081,Dr. 257943,Cardiology,O010
PR0082,Dr. C05e10,Cardiology,O005
PR0083,Dr. C050de,Oncology,O006
PR0084,Dr. B3d2c9,Oncology,O005
PR0085,Dr. 6f4682,Endocrinology,O008
PR0086,Dr. 40ce52,Oncology,O006
PR0087,Dr. F0d461,Cardiology,O009
PR0088,Dr. 1b8021,Cardiology,O004
PR0089,Dr. C9eb6b,Pulmonology,O009
PR0090,Dr. Cb3ea8,Neurology,O009
PR0091,Dr. 3b048f,Endocrinology,O010
PR0092,Dr. Dc67ad,Cardiology,O001
PR0093,Dr. 2965b4,Endocrinology,O010
PR0094,Dr. 74411f,Pulmonology,O001
PR0095,Dr. E3ae6d,Neurology,O003
PR0096,Dr. 6fa1ba,Oncology,O005
PR0097,Dr. 23d66e,Cardiology,O010
PR0098,Dr. E6bca4,Neurology,O001
PR0099,Dr. F8a5fe,Endocrinology,O001
PR0100,Dr. Ae8433,Oncology,O007
PR0101,Dr. F556a5,Neurology,O006
PR0102,Dr. 59967f,Oncology,O001
PR0103,Dr. 627fbe,Neurology,O007
PR0104,Dr. 55572a,Cardiology,O007
PR0105,Dr. Fd7ed2,Pulmonology,O002
PR0106,Dr. Ddcbf2,Neurology,O008
PR0107,Dr. 08ba80,Pulmonology,O009
PR0108,Dr. F7da16,Oncology,O003
PR0109,Dr. F9b5e2,Cardiology,O009
PR0110,Dr. E9d685,Endocrinology,O009
PR0111,Dr. F24130,Oncology,O001
PR0112,Dr. E5c558,Cardiology,O009
PR0113,Dr. 4e6758,Neurology,O006
PR0114,Dr. 2366e7,Endocrinology,O007
PR0115,Dr. A7c3c0,Cardiology,O001
PR0116,Dr. 5ad8a4,Neurology,O006
PR0117,Dr. 5160c1,Neurology,O005
PR0118,Dr. Ab1876,Cardiology,O009
PR0119,Dr. 9121c2,Neurology,O001
PR0120,Dr. 0d9ad2,Neurology,O007
PR0121,Dr. C954b0,Oncology,O009
PR0122,Dr. 393502,Neurology,O004
PR0123,Dr. 82add8,Cardiology,O006
PR0124,Dr. 7d96e1,Endocrinology,O003
PR0125,Dr. 020f10,Oncology,O007
PR0126,Dr. 0f27a7,Pulmonology,O010
PR0127,Dr. Af8f9e,Cardiology,O007
PR0128,Dr. E8f3e9,Cardiology,O010
PR0129,Dr. 176d5d,Cardiology,O007
PR0130,Dr. B99e9c,Neurology,O010
PR0131,Dr. Af4a09,Neurology,O008
PR0132,Dr. 2f6ab0,Pulmonology,O003
PR0133,Dr. B15759,Cardiology,O003
PR0134,Dr. 884a10,Pulmonology,O009
PR0135,Dr. 0cbf88,Cardiology,O003
PR0136,Dr. 4d9c74,Neurology,O009
PR0137,Dr. Fa64d2,Cardiology,O007
PR0138,Dr. 5b27f1,Cardiology,O010
PR0139,Dr. Bdf0a3,Cardiology,O006
PR0140,Dr. A605df,Oncology,O009
PR0141,Dr. 5617f5,Pulmonology,O002
PR0142,Dr. 16cc6c,Cardiology,O006
PR0143,Dr. 45b819,Cardiology,O001
PR0144,Dr. 166408,Neurology,O007
PR0145,Dr. 7fd93d,Endocrinology,O005
PR0146,Dr. Eb878b,Endocrinology,O005
PR0147,Dr. Fbb3ab,Cardiology,O004
PR0148,Dr. A855fa,Oncology,O003
PR0149,Dr. C0d74c,Cardiology,O001
PR0150,Dr. 3a85ef,Pulmonology,O010
PR0151,Dr. 52ddcc,Neurology,O010
PR0152,Dr. 089545,Pulmonology,O010
PR0153,Dr. 7a9229,Cardiology,O010
PR0154,Dr. 04ec13,Cardiology,O004
PR0155,Dr. 5d15d2,Oncology,O006
PR0156,Dr. D6f85b,Oncology,O008
PR0157,Dr. 2aac75,Cardiology,O009
PR0158,Dr. 570222,Pulmonology,O008
PR0159,Dr. 87aca9,Neurology,O003
PR0160,Dr. 260933,Endocrinology,O008
PR0161,Dr. 849f69,Endocrinology,O003
PR0162,Dr. Bbe65a,Cardiology,O004
PR0163,Dr. 8d1b72,Cardiology,O001
PR0164,Dr. Ee9136,Endocrinology,O001
PR0165,Dr. Bdb77b,Neurology,O007
PR0166,Dr. Aafc2d,Cardiology,O004
PR0167,Dr. C8d88a,Cardiology,O002
PR0168,Dr. B71f72,Cardiology,O008
PR0169,Dr. E69614,Pulmonology,O008
PR0170,Dr. 16339f,Neurology,O008
PR0171,Dr. 0f2ca3,Cardiology,O007
PR0172,Dr. Fca0ca,Endocrinology,O001
PR0173,Dr. D0af8d,Pulmonology,O007
PR0174,Dr. 2dd99a,Neurology,O007
PR0175,Dr. Bad2ea,Pulmonology,O010
PR0176,Dr. Cb0b9c,Pulmonology,O009
PR0177,Dr. 146e4e,Pulmonology,O001
PR0178,Dr. Ee6716,Pulmonology,O002
PR0179,Dr. 1c96ba,Endocrinology,O008
PR0180,Dr. Bf9984,Oncology,O004
PR0181,Dr. A9d7f5,Pulmonology,O009
PR0182,Dr. C6debb,Endocrinology,O001
PR0183,Dr. 5a9c3e,Pulmonology,O007
PR0184,Dr. 5d67c6,Pulmonology,O001
PR0185,Dr. E2c796,Cardiology,O005
PR0186,Dr. 1ae1df,Endocrinology,O007
PR0187,Dr. 2ed1a7,Neurology,O005
PR0188,Dr. A1966e,Endocrinology,O003
PR0189,Dr. Cb0ce4,Endocrinology,O005
PR0190,Dr. 3c62b3,Pulmonology,O001
PR0191,Dr. 41e8f4,Pulmonology,O003
PR0192,Dr. 69233b,Endocrinology,O008
PR0193,Dr. 55263e,Oncology,O009
PR0194,Dr. A971b9,Oncology,O003
PR0195,Dr. 05651b,Pulmonology,O009
PR0196,Dr. 65f6a3,Cardiology,O007
PR0197,Dr. 07931d,Endocrinology,O006
PR0198,Dr. D49f70,Endocrinology,O001
PR0199,Dr. 1ea690,Cardiology,O008
PR0200,Dr. 44c1f5,Pulmonology,O004
PR0201,Dr. Fbde2e,Endocrinology,O002
PR0202,Dr. D8db88,Neurology,O006
PR0203,Dr. 19ca3d,Cardiology,O002
PR0204,Dr. B6e029,Oncology,O002
PR0205,Dr. 43a7fc,Endocrinology,O006
PR0206,Dr. A4f478,Oncology,O009
PR0207,Dr. F474c2,Endocrinology,O009
PR0208,Dr. Ecd276,Pulmonology,O003
PR0209,Dr. Fbca95,Endocrinology,O009
PR0210,Dr. 512b11,Endocrinology,O001
PR0211,Dr. 13ddbf,Cardiology,O006
PR0212,Dr. 28f974,Pulmonology,O003
PR0213,Dr. Dc9aed,Cardiology,O003
PR0214,Dr. F4b9a9,Cardiology,O001
PR0215,Dr. 777495,Endocrinology,O005
PR0216,Dr. 2dd6d7,Neurology,O008
PR0217,Dr. 3eb5de,Neurology,O003
PR0218,Dr. 2f6cde,Oncology,O003
PR0219,Dr. Dbced7,Cardiology,O001
PR0220,Dr. Ef7334,Pulmonology,O005
PR0221,Dr. 367c88,Oncology,O008
PR0222,Dr. 296056,Endocrinology,O008
PR0223,Dr. B887fd,Pulmonology,O001
PR0224,Dr. 5f8bb8,Pulmonology,O008
PR0225,Dr. Bb71a3,Cardiology,O004
PR0226,Dr. 75319c,Pulmonology,O008
PR0227,Dr. 23b1c0,Endocrinology,O007
PR0228,Dr. 40b0a6,Endocrinology,O002
PR0229,Dr. 48c49a,Pulmonology,O010
PR0230,Dr. 6c04b6,Oncology,O004
PR0231,Dr. 863497,Pulmonology,O005
PR0232,Dr. Cda9ce,Pulmonology,O009
PR0233,Dr. 7fde9c,Cardiology,O001
PR0234,Dr. E5eac9,Cardiology,O003
PR0235,Dr. 8c76a3,Oncology,O006
PR0236,Dr. 400ba8,Oncology,O003
PR0237,Dr. F3684b,Oncology,O010
PR0238,Dr. C79316,Pulmonology,O005
PR0239,Dr. 057315,Neurology,O002
PR0240,Dr. D6dca2,Oncology,O002
PR0241,Dr. D19268,Endocrinology,O003
PR0242,Dr. 2bbd6b,Cardiology,O005
PR0243,Dr. B34eb5,Pulmonology,O010
PR0244,Dr. A89f42,Pulmonology,O009
PR0245,Dr. 693db1,Cardiology,O008
PR0246,Dr. 2358a2,Pulmonology,O006
PR0247,Dr. 7e070f,Oncology,O002
PR0248,Dr. 62e4a8,Neurology,O006
PR0249,Dr. 0d9d2e,Neurology,O007
PR0250,Dr. 6b1258,Oncology,O007
PR0251,Dr. 07bec9,Pulmonology,O002
PR0252,Dr. 1de054,Neurology,O008
PR0253,Dr. 6ad8fb,Cardiology,O002
PR0254,Dr. 7b2307,Neurology,O006
PR0255,Dr. 916dad,Pulmonology,O007
PR0256,Dr. Adaa0a,Pulmonology,O004
PR0257,Dr. 12d690,Cardiology,O010
PR0258,Dr. E8bad3,Oncology,O002
PR0259,Dr. Ac0f11,Pulmonology,O009
PR0260,Dr. 3b986e,Oncology,O008
PR0261,Dr. 52c9b4,Pulmonology,O005
PR0262,Dr. F90f75,Endocrinology,O010
PR0263,Dr. 2bff7f,Neurology,O005
PR0264,Dr. 4df3cf,Pulmonology,O010
PR0265,Dr. Bd8181,Pulmonology,O006
PR0266,Dr. 4021a7,Cardiology,O010
PR0267,Dr. 15dbfc,Pulmonology,O008
PR0268,Dr. B4e533,Pulmonology,O008
PR0269,Dr. 84872f,Endocrinology,O003
PR0270,Dr. 759dc9,Pulmonology,O004
PR0271,Dr. D90ca2,Neurology,O004
PR0272,Dr. Acc4a5,Oncology,O002
PR0273,Dr. 4e0924,Oncology,O008
PR0274,Dr. Fad2c3,Oncology,O004
PR0275,Dr. 62debe,Pulmonology,O007
PR0276,Dr. B890f0,Endocrinology,O001
PR0277,Dr. 36197c,Neurology,O006
PR0278,Dr. E9fd96,Pulmonology,O004
PR0279,Dr. 7fcd37,Oncology,O004
PR0280,Dr. Cb535f,Neurology,O005
PR0281,Dr. Bdf37a,Oncology,O005
PR0282,Dr. 509edf,Neurology,O009
PR0283,Dr. 5396ea,Pulmonology,O006
PR0284,Dr. 1d2450,Oncology,O002
PR0285,Dr. 6fb702,Neurology,O006
PR0286,Dr. Fdb275,Endocrinology,O010
PR0287,Dr. 595f07,Pulmonology,O001
PR0288,Dr. 667ecb,Cardiology,O004
PR0289,Dr. B2243e,Neurology,O006
PR0290,Dr. 397f92,Endocrinology,O008
PR0291,Dr. 1d294c,Oncology,O003
PR0292,Dr. 61267a,Endocrinology,O003
PR0293,Dr. F2cab7,Endocrinology,O009
PR0294,Dr. 1ac267,Neurology,O008
PR0295,Dr. Fa073f,Endocrinology,O001
PR0296,Dr. 291367,Pulmonology,O005
PR0297,Dr. Baf2be,Pulmonology,O006
PR0298,Dr. 0ccb06,Pulmonology,O009
PR0299,Dr. 385403,Oncology,O004
PR0300,Dr. 430134,Pulmonology,O006
PR0301,Dr. 9284db,Neurology,O002
PR0302,Dr. B4b0ba,Cardiology,O005
PR0303,Dr. F4220a,Oncology,O006
PR0304,Dr. 71c76e,Endocrinology,O009
PR0305,Dr. 2812d1,Cardiology,O010
PR0306,Dr. 24e759,Pulmonology,O007
PR0307,Dr. C1edd9,Cardiology,O010
PR0308,Dr. D1a488,Oncology,O005
PR0309,Dr. 490019,Neurology,O001
PR0310,Dr. Ab8596,Neurology,O007
PR0311,Dr. 9a106a,Oncology,O008
PR0312,Dr. Eac4ba,Cardiology,O006
PR0313,Dr. 35e9bd,Endocrinology,O005
PR0314,Dr. Aeb553,Cardiology,O009
PR0315,Dr. 002a0e,Neurology,O003
PR0316,Dr. 770ccd,Oncology,O006
PR0317,Dr. 116267,Oncology,O004
PR0318,Dr. 1068be,Oncology,O008
PR0319,Dr. C0d9ac,Pulmonology,O001
PR0320,Dr. C5cbcd,Endocrinology,O009
PR0321,Dr. 68cdc4,Cardiology,O004
PR0322,Dr. 81ea67,Neurology,O008
PR0323,Dr. A41e4d,Pulmonology,O005
PR0324,Dr. 9bf960,Neurology,O003
PR0325,Dr. Df6f83,Oncology,O009
PR0326,Dr. 2272fe,Cardiology,O004
PR0327,Dr. Aa4564,Oncology,O008
PR0328,Dr. 9d5287,Endocrinology,O009
PR0329,Dr. 3a0779,Oncology,O001
PR0330,Dr. 353d52,Neurology,O001
PR0331,Dr. 61b7ae,Pulmonology,O002
PR0332,Dr. Bb167f,Neurology,O008
PR0333,Dr. C96ee9,Oncology,O002
PR0334,Dr. Ec2585,Pulmonology,O005
PR0335,Dr. A5ef1f,Oncology,O010
PR0336,Dr. 259701,Neurology,O004
PR0337,Dr. 8eef5d,Neurology,O004
PR0338,Dr. 794d96,Cardiology,O005
PR0339,Dr. 2fd70b,Neurology,O009
PR0340,Dr. 77ecbd,Neurology,O008
PR0341,Dr. 12f4e0,Oncology,O005
PR0342,Dr. 6da75e,Cardiology,O003
PR0343,Dr. Deb73a,Neurology,O002
PR0344,Dr. 923de9,Oncology,O010
PR0345,Dr. 82ad1b,Pulmonology,O009
PR0346,Dr. 07d3e0,Oncology,O004
PR0347,Dr. Db3c78,Pulmonology,O006
PR0348,Dr. 60b1f3,Pulmonology,O006
PR0349,Dr. E9d73e,Neurology,O003
PR0350,Dr. B65721,Neurology,O010
PR0351,Dr. 6aab6c,Cardiology,O003
PR0352,Dr. Af16c7,Oncology,O005
PR0353,Dr. 196f04,Pulmonology,O006
PR0354,Dr. 9a4615,Pulmonology,O008
PR0355,Dr. 7cbe9c,Oncology,O003
PR0356,Dr. 4fd353,Oncology,O008
PR0357,Dr. Cb837b,Oncology,O002
PR0358,Dr. 921d49,Endocrinology,O001
PR0359,Dr. 15a03e,Oncology,O007
PR0360,Dr. 3651c7,Endocrinology,O003
PR0361,Dr. 04ef85,Pulmonology,O010
PR0362,Dr. B26284,Endocrinology,O010
PR0363,Dr. 8a2e17,Neurology,O005
PR0364,Dr. Da5be5,Neurology,O004
PR0365,Dr. Ef76e4,Pulmonology,O002
PR0366,Dr. 20f754,Endocrinology,O010
PR0367,Dr. Ac3a69,Cardiology,O002
PR0368,Dr. 76f892,Endocrinology,O002
PR0369,Dr. 69ac01,Endocrinology,O005
PR0370,Dr. 1c4d73,Endocrinology,O008
PR0371,Dr. Ff61d1,Cardiology,O004
PR0372,Dr. 58bc8e,Cardiology,O010
PR0373,Dr. 653d54,Neurology,O006
PR0374,Dr. 455e4d,Endocrinology,O003
PR0375,Dr. 311256,Neurology,O006
PR0376,Dr. A230d1,Endocrinology,O008
PR0377,Dr. De828c,Oncology,O002
PR0378,Dr. 3d8436,Endocrinology,O002
PR0379,Dr. F2c141,Neurology,O008
PR0380,Dr. B932f5,Endocrinology,O003
PR0381,Dr. A7d061,Neurology,O006
PR0382,Dr. F10b42,Pulmonology,O010
PR0383,Dr. 8740c4,Cardiology,O009
PR0384,Dr. 29843d,Oncology,O007
PR0385,Dr. 2e3331,Oncology,O006
PR0386,Dr. C1f5e2,Pulmonology,O002
PR0387,Dr. Ebead3,Neurology,O009
PR0388,Dr. 486cf5,Endocrinology,O007
PR0389,Dr. D876b5,Pulmonology,O007
PR0390,Dr. Cd4c41,Cardiology,O010
PR0391,Dr. 336cb3,Cardiology,O009
PR0392,Dr. 9cae0c,Cardiology,O008
PR0393,Dr. 792c1c,Endocrinology,O002
PR0394,Dr. 383dbf,Neurology,O004
PR0395,Dr. 245abb,Pulmonology,O007
PR0396,Dr. 8b6b73,Endocrinology,O010
PR0397,Dr. F61a04,Neurology,O009
PR0398,Dr. C7b9a9,Cardiology,O003
PR0399,Dr. Adf679,Oncology,O010
PR0400,Dr. 9d0047,Endocrinology,O002
PR0401,Dr. E05a5b,Pulmonology,O010
PR0402,Dr. Cefa8c,Endocrinology,O006
PR0403,Dr. D03ccb,Pulmonology,O002
PR0404,Dr. 3783f5,Endocrinology,O003
PR0405,Dr. 3996f5,Neurology,O007
PR0406,Dr. Ff42c7,Oncology,O010
PR0407,Dr. Df1b71,Oncology,O010
PR0408,Dr. B761b1,Endocrinology,O006
PR0409,Dr. A4e78c,Endocrinology,O001
PR0410,Dr. 1afae3,Oncology,O004
PR0411,Dr. 5fe1ee,Cardiology,O010
PR0412,Dr. 04aed9,Oncology,O003
PR0413,Dr. 593c70,Cardiology,O008
PR0414,Dr. D8002a,Pulmonology,O005
PR0415,Dr. C5b873,Endocrinology,O010
PR0416,Dr. D5c5c5,Pulmonology,O008
PR0417,Dr. 852dd2,Cardiology,O004
PR0418,Dr. 63c9dc,Neurology,O005
PR0419,Dr. 2a7616,Pulmonology,O005
PR0420,Dr. Bbcbbf,Endocrinology,O006
PR0421,Dr. Bf9728,Oncology,O010
PR0422,Dr. 7fbfeb,Oncology,O010
PR0423,Dr. Fcd02e,Pulmonology,O007
PR0424,Dr. 01fed8,Cardiology,O005
PR0425,Dr. 5f828a,Oncology,O006
PR0426,Dr. A98e1b,Pulmonology,O001
PR0427,Dr. 23aa3a,Oncology,O009
PR0428,Dr. Ce05d8,Neurology,O002
PR0429,Dr. A6a7b7,Neurology,O001
PR0430,Dr. 1abe02,Cardiology,O007
PR0431,Dr. 396615,Pulmonology,O007
PR0432,Dr. D7eec7,Neurology,O007
PR0433,Dr. 323241,Endocrinology,O007
PR0434,Dr. 6e745c,Endocrinology,O009
PR0435,Dr. 4eac65,Cardiology,O003
PR0436,Dr. 7a5ae9,Endocrinology,O003
PR0437,Dr. 5f6e6c,Cardiology,O009
PR0438,Dr. 39813e,Endocrinology,O006
PR0439,Dr. Acf27b,Endocrinology,O003
PR0440,Dr. Fca1c7,Neurology,O003
PR0441,Dr. Cb100f,Cardiology,O001
PR0442,Dr. E10763,Oncology,O001
PR0443,Dr. Edc8b6,Cardiology,O008
PR0444,Dr. 0ba83d,Endocrinology,O003
PR0445,Dr. D9d330,Oncology,O003
PR0446,Dr. B24779,Endocrinology,O008
PR0447,Dr. 9c806c,Pulmonology,O007
PR0448,Dr. 942997,Pulmonology,O003
PR0449,Dr. F98712,Endocrinology,O009
PR0450,Dr. 084560,Endocrinology,O009
PR0451,Dr. 7e4e99,Endocrinology,O007
PR0452,Dr. F582a7,Neurology,O004
PR0453,Dr. Fc820d,Cardiology,O007
PR0454,Dr. 78a0e9,Pulmonology,O001
PR0455,Dr. 12d5a8,Pulmonology,O008
PR0456,Dr. 80abd9,Cardiology,O009
PR0457,Dr. Dbd171,Neurology,O007
PR0458,Dr. Eda9aa,Pulmonology,O010
PR0459,Dr. 79b9d2,Neurology,O001
PR0460,Dr. 0a0420,Oncology,O010
PR0461,Dr. 566736,Endocrinology,O006
PR0462,Dr. 83717c,Oncology,O010
PR0463,Dr. B99407,Endocrinology,O002
PR0464,Dr. D4152a,Cardiology,O009
PR0465,Dr. 186638,Neurology,O008
PR0466,Dr. 053d63,Pulmonology,O002
PR0467,Dr. E33e43,Pulmonology,O010
PR0468,Dr. 973f94,Oncology,O004
PR0469,Dr. Fe0924,Endocrinology,O002
PR0470,Dr. A2208c,Pulmonology,O010
PR0471,Dr. 3ad01e,Neurology,O010
PR0472,Dr. Bed5bd,Oncology,O006
PR0473,Dr. E11b62,Pulmonology,O001
PR0474,Dr. 4a2971,Endocrinology,O008
PR0475,Dr. 0032d5,Pulmonology,O008
PR0476,Dr. 110c4c,Pulmonology,O006
PR0477,Dr. Eef55c,Endocrinology,O006
PR0478,Dr. Bc8dd3,Neurology,O005
PR0479,Dr. A83eab,Cardiology,O001
PR0480,Dr. 3bdb5b,Pulmonology,O005
PR0481,Dr. Dd19d3,Pulmonology,O005
PR0482,Dr. 536019,Oncology,O008
PR0483,Dr. 1a8bdd,Pulmonology,O003
PR0484,Dr. E813e4,Pulmonology,O001
PR0485,Dr. 132591,Neurology,O010
PR0486,Dr. 6c2e07,Oncology,O005
PR0487,Dr. Bf7a3d,Endocrinology,O002
PR0488,Dr. 2763c7,Cardiology,O009
PR0489,Dr. 94644b,Oncology,O005
PR0490,Dr. 57fe4f,Neurology,O003
PR0491,Dr. 8cd04b,Pulmonology,O005
PR0492,Dr. D66d8a,Neurology,O005
PR0493,Dr. A9be75,Oncology,O002
PR0494,Dr. 34b0b4,Pulmonology,O003
PR0495,Dr. 3a0d1c,Pulmonology,O003
PR0496,Dr. F4c634,Endocrinology,O006
PR0497,Dr. 57458e,Cardiology,O005
PR0498,Dr. Af12dd,Cardiology,O008
PR0499,Dr. 7b5e91,Cardiology,O009
PR0500,Dr. 40fc39,Oncology,O006
